# Host: 192.168.0.111  (Version 5.5.25a-log)
# Date: 2019-08-06 11:24:56
# Generator: MySQL-Front 6.0  (Build 2.20)


#
# Structure for table "detail_transaksi"
#

DROP TABLE IF EXISTS `detail_transaksi`;
CREATE TABLE `detail_transaksi` (
  `kodedetail` int(10) NOT NULL AUTO_INCREMENT,
  `no_transaksi` varchar(15) CHARACTER SET latin1 COLLATE latin1_general_ci NOT NULL,
  `kodeproduct` int(10) NOT NULL,
  `qty_transaksi` int(4) NOT NULL,
  `price_total_transaksi` int(10) NOT NULL,
  `kode_application` int(2) NOT NULL,
  PRIMARY KEY (`kodedetail`)
) ENGINE=InnoDB AUTO_INCREMENT=434 DEFAULT CHARSET=latin1;

#
# Data for table "detail_transaksi"
#

INSERT INTO `detail_transaksi` VALUES (1,'201606/USE/0001',28,1,0,4),(2,'201606/USE/0003',2,1,0,4),(3,'201606/USE/0005',48,1,0,14),(4,'201606/USE/0006',49,1,0,13),(5,'201606/USE/0007',51,1,0,18),(6,'201606/USE/0008',39,1,0,2),(7,'201606/USE/0009',33,1,0,4),(8,'201606/USE/0010',37,2,0,4),(9,'201606/USE/0011',56,1,0,14),(10,'201606/USE/0012',35,1,0,18),(11,'201606/USE/0013',67,1,0,2),(12,'201606/USE/0014',82,1,0,2),(13,'201606/USE/0015',24,1,0,18),(14,'201606/USE/0016',93,1,0,4),(15,'201606/USE/0017',91,1,0,13),(16,'201606/USE/0018',174,1,0,18),(17,'201606/USE/0019',174,1,0,18),(18,'201606/USE/0020',112,1,0,2),(19,'201606/USE/0021',132,1,0,13),(20,'201606/USE/0021',132,3,0,13),(21,'201606/USE/0022',288,1,425000,17),(22,'201606/USE/0022',288,1,425000,17),(23,'201607/USE/0001',254,1,0,18),(24,'201607/USE/0002',248,1,0,18),(25,'201607/USE/0003',209,12,0,23),(26,'201607/USE/0004',226,3,0,26),(27,'201607/USE/0005',226,6,0,23),(28,'201607/USE/0007',49,1,0,13),(29,'201607/USE/0008',51,2,0,18),(30,'201607/USE/0008',51,2,0,18),(31,'201607/USE/0008',51,2,0,18),(32,'201607/USE/0011',37,1,0,14),(33,'201607/USE/0012',254,2,0,18),(34,'201607/USE/0012',254,4,0,18),(35,'201608/USE/0001',70,2,0,13),(36,'201608/USE/0002',39,2,0,2),(37,'201608/USE/0002',39,2,0,2),(38,'201608/USE/0004',46,1,0,13),(39,'201608/USE/0005',282,1,0,2),(40,'201608/ORD/0001',211,12,0,0),(41,'201608/BUY/0001',211,12,0,0),(42,'201608/USE/0006',66,1,0,14),(43,'201608/USE/0009',119,1,0,11),(44,'201608/USE/0010',91,1,0,11),(45,'201608/USE/0013',67,2,0,2),(46,'201608/USE/0014',67,1,0,2),(47,'201608/USE/0015',67,1,0,2),(48,'201608/USE/0016',67,1,0,2),(49,'201608/USE/0017',67,1,0,2),(50,'201608/USE/0018',67,1,0,14),(51,'201608/USE/0019',70,1,0,11),(52,'201608/USE/0020',114,1,0,13),(53,'201609/USE/0001',87,1,0,18),(54,'201609/USE/0002',174,1,0,18),(55,'201609/USE/0003',298,4,780000,2),(56,'201609/ORD/0001',300,1,3200000,0),(57,'201609/BUY/0001',300,1,3200000,0),(59,'201609/BUY/0002',301,2,16800000,0),(60,'201609/USE/0004',141,2,0,13),(62,'201609/USE/0007',214,2,0,14),(63,'201610/USE/0001',300,1,3200000,13),(64,'201610/USE/0002',174,1,0,18),(65,'201610/USE/0003',174,1,0,18),(66,'201610/USE/0004',1,1,1925000,30),(67,'201610/ORD/0001',302,3,51000,0),(68,'201610/BUY/0001',302,3,51000,0),(69,'201610/USE/0005',302,1,17000,5),(70,'201611/USE/0001',66,1,0,1),(71,'201611/ORD/0001',175,2,0,0),(72,'201611/BUY/0001',175,2,1970000,0),(73,'201611/USE/0002',34,1,0,18),(74,'201611/USE/0003',289,2,850000,17),(75,'201611/USE/0004',175,2,1970000,20),(76,'201701/USE/0001',66,4,0,18),(77,'201701/USE/0002',67,1,0,2),(78,'201702/USE/0001',113,1,0,2),(79,'201709/ORD/0001',115,1,0,0),(80,'201709/ORD/0001',115,1,0,0),(81,'201709/BUY/0002',115,1,0,0),(82,'201709/BUY/0002',115,1,0,0),(83,'201709/BUY/0002',115,1,0,0),(84,'201709/BUY/0002',115,1,0,0),(85,'201709/BUY/0002',91,3,0,0),(86,'201709/BUY/0002',98,2,0,0),(87,'201709/BUY/0002',0,0,0,0),(88,'201709/BUY/0002',66,5,0,0),(89,'201709/BUY/0002',67,5,0,0),(90,'201709/BUY/0002',67,5,0,0),(91,'201709/BUY/0002',153,10,0,0),(92,'201709/BUY/0002',136,10,0,0),(93,'201709/BUY/0002',169,5,0,0),(94,'201709/BUY/0002',139,5,0,0),(95,'201709/BUY/0002',144,10,0,0),(96,'201709/BUY/0002',174,4,0,0),(97,'201709/BUY/0002',174,4,0,0),(98,'201709/BUY/0002',49,10,0,0),(99,'201709/BUY/0002',51,10,0,0),(100,'201709/USE/0001',49,1,0,39),(101,'201709/USE/0002',49,3,0,13),(102,'201709/USE/0003',49,2,0,1),(103,'201709/USE/0004',49,1,0,13),(104,'201709/USE/0004',49,1,0,13),(105,'201709/USE/0005',49,2,0,13),(106,'201709/USE/0006',66,2,0,30),(107,'201709/USE/0007',66,1,0,10),(108,'201709/USE/0008',66,1,0,34),(109,'201709/USE/0009',67,1,0,2),(110,'201709/USE/0009',67,1,0,2),(111,'201709/USE/0010',67,1,0,2),(112,'201709/USE/0011',67,2,0,34),(113,'201709/USE/0012',67,1,0,2),(114,'201709/USE/0013',70,1,0,11),(115,'201709/USE/0014',68,1,0,2),(116,'201709/USE/0015',68,1,0,2),(117,'201709/USE/0016',68,1,0,2),(118,'201709/USE/0017',71,1,0,17),(119,'201709/USE/0018',87,1,0,18),(120,'201709/BUY/0002',39,4,0,0),(121,'201709/BUY/0002',39,8,0,0),(122,'201709/BUY/0002',39,8,0,0),(123,'201709/BUY/0002',39,4,0,0),(124,'201709/USE/0019',39,2,0,2),(125,'201709/USE/0020',39,1,0,2),(126,'201709/USE/0021',39,1,0,2),(127,'201709/USE/0022',39,2,0,2),(128,'201709/USE/0023',39,1,0,2),(129,'201709/USE/0024',39,1,0,2),(130,'201709/USE/0025',39,2,0,2),(131,'201709/USE/0026',39,6,0,2),(132,'201709/USE/0027',39,2,0,2),(133,'201709/USE/0028',39,1,0,2),(134,'201709/USE/0029',59,1,0,36),(135,'201709/USE/0030',289,1,425000,2),(136,'201709/USE/0031',289,1,425000,13),(137,'201709/USE/0032',35,1,0,18),(138,'201709/USE/0033',35,1,0,14),(139,'201709/USE/0034',35,1,0,18),(140,'201709/BUY/0002',33,10,0,0),(141,'201709/BUY/0002',33,10,0,0),(142,'201709/USE/0035',33,1,0,13),(143,'201709/USE/0036',33,1,0,13),(144,'201709/USE/0037',33,1,0,14),(145,'201709/USE/0037',33,1,0,14),(146,'201709/USE/0038',33,2,0,14),(147,'201709/USE/0039',33,1,0,18),(148,'201709/USE/0040',33,1,0,34),(149,'201709/USE/0041',33,6,0,11),(150,'201709/USE/0042',33,2,0,11),(151,'201709/USE/0043',33,1,0,18),(152,'201709/BUY/0002',46,10,0,0),(153,'201709/USE/0044',46,1,0,13),(154,'201709/USE/0045',46,1,0,13),(155,'201709/USE/0046',46,1,0,13),(156,'201709/USE/0047',46,1,0,11),(157,'201709/USE/0048',46,1,0,13),(158,'201709/USE/0049',38,1,0,22),(159,'201709/USE/0050',91,1,0,11),(160,'201709/USE/0052',98,1,0,13),(161,'201709/USE/0053',214,2,0,14),(162,'201709/USE/0054',153,2,0,39),(163,'201709/USE/0055',153,2,0,13),(164,'201709/USE/0056',136,1,0,14),(165,'201709/USE/0057',139,2,0,39),(166,'201709/USE/0058',144,2,0,39),(167,'201709/USE/0059',144,2,0,13),(168,'201709/USE/0060',144,1,0,13),(169,'201709/USE/0061',144,2,0,39),(170,'201709/USE/0062',155,2,0,24),(171,'201709/USE/0063',112,1,0,2),(172,'201709/BUY/0002',112,3,0,0),(173,'201709/USE/0064',137,2,0,39),(174,'201709/USE/0065',174,1,0,18),(175,'201709/USE/0066',174,1,0,18),(176,'201709/USE/0067',174,1,0,18),(177,'201709/USE/0068',175,2,1970000,11),(178,'201709/USE/0069',185,2,0,3),(179,'201709/USE/0070',184,1,0,3),(180,'201709/BUY/0002',182,1,0,0),(181,'201709/USE/0071',205,2,0,14),(182,'201709/USE/0072',205,2,0,14),(183,'201709/USE/0073',221,1,0,14),(184,'201709/USE/0074',222,1,0,14),(185,'201709/USE/0075',225,1,0,14),(186,'201709/BUY/0002',254,15,0,0),(187,'201709/USE/0076',254,4,0,18),(188,'201709/USE/0077',254,1,0,18),(189,'201709/USE/0078',254,1,0,18),(190,'201709/USE/0079',258,1,0,13),(191,'201710/USE/0001',186,1,0,3),(192,'201710/USE/0002',249,1,0,34),(193,'201711/USE/0001',39,2,0,2),(194,'201711/USE/0001',39,2,0,2),(195,'201711/USE/0003',341,1,0,29),(196,'201711/USE/0004',344,1,0,29),(197,'201711/USE/0005',87,1,0,18),(198,'201711/USE/0006',248,1,62000,14),(199,'201711/USE/0007',314,1,0,18),(200,'201711/USE/0008',339,1,0,2),(201,'201711/USE/0009',345,1,0,3),(202,'201711/USE/0010',256,1,0,18),(203,'201711/USE/0011',249,2,0,13),(204,'201711/USE/0012',314,1,0,18),(205,'201711/USE/0013',176,1,0,18),(206,'201711/USE/0013',176,1,0,18),(207,'201712/BUY/0001',1,1,1925000,0),(208,'201712/USE/0001',1,1,1925000,30),(209,'201712/USE/0002',133,3,0,18),(210,'201712/USE/0003',133,2,0,13),(211,'201712/USE/0004',246,2,0,18),(212,'201712/USE/0005',46,1,0,18),(213,'201801/USE/0001',106,2,0,13),(214,'201801/USE/0002',186,1,0,3),(215,'201801/USE/0002',186,1,0,3),(216,'201801/USE/0002',186,1,0,3),(217,'201801/USE/0007',322,2,0,2),(218,'201801/USE/0008',322,2,0,34),(219,'201801/USE/0009',131,1,0,31),(220,'201801/USE/0010',144,2,0,39),(221,'201801/USE/0011',249,1,0,39),(222,'201801/USE/0012',322,1,0,2),(223,'201801/USE/0013',323,1,0,2),(224,'201801/USE/0014',146,2,0,2),(225,'201801/USE/0015',256,1,0,18),(226,'201801/USE/0016',256,2,0,18),(227,'201801/BUY/0001',151,10,0,0),(228,'201801/USE/0017',151,1,0,18),(229,'201801/USE/0018',151,2,0,18),(230,'201801/USE/0019',334,1,0,13),(231,'201801/BUY/0001',39,4,0,0),(232,'201801/BUY/0001',314,4,0,0),(233,'201801/USE/0020',201,4,0,18),(234,'201802/USE/0001',146,2,0,2),(235,'201802/USE/0002',346,2,0,2),(236,'201802/USE/0003',169,2,0,14),(237,'201802/USE/0003',169,2,0,14),(238,'201802/USE/0004',148,2,0,14),(239,'201802/USE/0005',248,1,62000,14),(240,'201802/USE/0006',39,2,0,2),(241,'201802/USE/0007',67,1,0,3),(242,'201802/USE/0007',67,1,0,3),(243,'201802/USE/0007',67,1,0,3),(244,'201802/USE/0007',67,1,0,3),(245,'201802/USE/0011',15,1,0,3),(246,'201802/USE/0012',266,1,0,3),(247,'201802/USE/0013',266,1,0,3),(248,'201802/USE/0014',266,1,0,3),(249,'201802/USE/0015',39,1,0,2),(250,'201802/USE/0016',70,1,0,11),(251,'201802/USE/0017',39,1,0,2),(252,'201802/USE/0018',180,2,0,3),(253,'201802/USE/0019',256,1,0,18),(254,'201802/USE/0019',256,1,0,18),(255,'201802/USE/0021',256,1,0,18),(256,'201803/USE/0001',146,4,0,2),(257,'201803/USE/0002',322,2,0,2),(258,'201803/USE/0003',106,1,495000,13),(259,'201803/USE/0004',225,3,0,14),(260,'201803/USE/0005',213,3,0,14),(261,'201804/USE/0001',39,1,0,2),(262,'201804/USE/0002',141,2,0,13),(263,'201804/USE/0003',39,1,0,2),(264,'201804/USE/0003',39,1,0,2),(265,'201804/USE/0005',39,2,0,2),(266,'201804/USE/0006',174,1,0,18),(267,'201804/USE/0007',180,1,0,3),(268,'201804/USE/0008',186,1,0,3),(269,'201804/USE/0009',39,3,0,2),(270,'201804/USE/0010',322,1,0,34),(271,'201804/USE/0011',246,1,0,2),(272,'201804/USE/0012',322,1,0,34),(273,'201804/USE/0013',113,1,0,2),(274,'201804/USE/0013',113,1,0,2),(275,'201804/USE/0015',314,2,0,18),(276,'201805/USE/0003',256,2,0,18),(277,'201805/USE/0004',256,1,0,18),(278,'201805/BUY/0001',15,4,0,0),(279,'201805/USE/0005',151,1,0,14),(280,'201805/USE/0006',143,2,0,13),(281,'201805/USE/0007',293,2,110000,13),(282,'201805/USE/0008',288,1,425000,17),(283,'201805/USE/0009',155,4,0,2),(284,'201805/USE/0010',322,2,0,2),(285,'201805/USE/0011',323,2,0,2),(286,'201806/USE/0001',249,2,0,28),(287,'201806/USE/0002',15,2,0,28),(288,'201806/USE/0003',133,2,0,28),(289,'201806/USE/0004',248,2,124000,28),(290,'201806/USE/0005',118,1,0,29),(291,'201806/USE/0006',39,6,0,2),(292,'201806/USE/0007',289,1,425000,17),(293,'201806/USE/0007',289,1,425000,17),(294,'201806/USE/0009',255,1,0,13),(295,'201806/USE/0010',273,1,0,18),(296,'201807/USE/0001',314,1,0,18),(297,'201807/USE/0002',6,1,0,29),(298,'201807/USE/0003',151,1,0,3),(299,'201807/USE/0004',153,2,0,13),(300,'201807/BUY/0001',6,2,0,0),(301,'201807/USE/0005',314,1,0,18),(302,'201807/USE/0006',322,1,0,2),(303,'201807/USE/0006',322,1,0,2),(304,'201807/USE/0008',146,2,0,2),(305,'201807/USE/0009',323,1,0,2),(306,'201807/USE/0010',217,1,0,3),(307,'201807/USE/0011',256,1,0,18),(308,'201807/USE/0011',256,1,0,18),(309,'201807/USE/0012',314,1,0,18),(310,'201808/USE/0001',39,1,0,2),(311,'201808/USE/0002',174,1,0,18),(312,'201808/USE/0003',7,1,0,1),(313,'201808/USE/0004',341,1,0,29),(314,'201808/USE/0005',33,2,0,18),(315,'201808/USE/0006',33,1,0,13),(316,'201808/BUY/0001',314,6,0,0),(317,'201808/USE/0007',39,2,0,2),(318,'201808/USE/0008',191,1,0,38),(319,'201808/USE/0009',314,1,0,18),(320,'201808/USE/0010',182,1,0,2),(321,'201808/USE/0011',298,1,195000,26),(322,'201808/USE/0012',169,2,0,14),(323,'201808/USE/0013',156,2,0,14),(324,'201808/USE/0014',148,2,0,14),(325,'201808/USE/0015',323,1,0,2),(326,'201808/USE/0016',323,1,0,2),(327,'201808/USE/0017',323,2,0,2),(328,'201808/USE/0018',256,2,0,18),(329,'201809/USE/0001',171,1,0,3),(330,'201809/USE/0002',322,1,0,2),(331,'201809/USE/0003',314,2,0,18),(332,'201809/USE/0004',47,1,0,10),(333,'201810/USE/0001',256,2,0,18),(334,'201810/USE/0002',87,1,0,3),(335,'201810/USE/0003',30,1,0,14),(336,'201810/USE/0004',39,1,0,2),(337,'201810/USE/0005',146,2,0,2),(338,'201810/USE/0006',34,1,0,18),(339,'201811/USE/0001',50,2,0,18),(340,'201811/BUY/0001',190,10,0,0),(341,'201811/BUY/0001',130,1,0,0),(342,'201811/USE/0002',47,1,0,18),(343,'201812/USE/0001',341,1,0,28),(344,'201812/USE/0001',341,1,0,28),(345,'201812/USE/0002',184,1,0,17),(346,'201812/USE/0002',184,1,0,17),(347,'201901/USE/0001',294,2,240000,14),(348,'201901/USE/0002',148,2,0,14),(349,'201901/USE/0003',169,1,0,14),(350,'201901/USE/0003',169,1,0,14),(351,'201901/USE/0004',33,1,0,38),(352,'201901/USE/0004',33,1,0,38),(353,'',0,0,0,0),(354,'',0,0,0,0),(355,'',0,0,0,0),(356,'201901/USE/0005',3,1,0,14),(357,'201901/USE/0006',174,1,0,18),(358,'201901/USE/0006',314,1,0,18),(359,'201901/USE/0007',52,1,0,14),(360,'201901/USE/0008',255,1,0,13),(361,'201901/USE/0009',140,1,0,18),(362,'201902/USE/0001',140,1,650,18),(363,'201902/USE/0002',366,1,750,16),(364,'201902/USE/0003',301,1,8400000,16),(365,'201902/USE/0003',301,1,8400000,16),(366,'201902/USE/0004',256,1,0,18),(367,'201902/USE/0005',256,1,0,18),(368,'201902/USE/0005',256,1,0,18),(369,'201902/USE/0005',256,1,0,18),(370,'201902/USE/0008',314,1,0,18),(371,'201902/USE/0009',226,1,560000,3),(372,'201902/USE/0010',226,1,560000,3),(373,'201902/USE/0011',361,1,670000,3),(374,'201903/USE/0001',314,1,0,18),(375,'201903/USE/0002',314,1,0,18),(376,'201903/USE/0003',304,1,150000,38),(377,'201904/USE/0001',39,1,0,2),(378,'201904/USE/0002',273,1,0,18),(379,'201904/USE/0003',256,1,0,18),(380,'201904/USE/0004',348,5,0,2),(381,'201904/USE/0005',346,2,0,2),(382,'201904/USE/0006',146,2,0,2),(383,'201904/USE/0007',314,1,0,18),(384,'201904/USE/0007',314,1,0,18),(385,'201904/USE/0009',127,1,0,11),(386,'201904/USE/0010',237,1,0,18),(387,'201904/USE/0011',143,2,0,13),(388,'201905/USE/0001',39,2,0,2),(389,'201905/USE/0002',226,1,560000,3),(390,'201905/USE/0003',171,1,0,3),(391,'201905/USE/0004',226,1,560000,3),(392,'201905/USE/0005',1,1,1925000,4),(393,'201905/USE/0005',1,1,1925000,4),(394,'201905/USE/0006',314,1,0,18),(395,'201905/USE/0007',33,1,0,13),(396,'201905/USE/0008',33,1,0,13),(397,'201905/USE/0009',180,1,0,3),(398,'201905/USE/0010',346,1,0,2),(399,'201905/USE/0011',151,1,560000,3),(400,'201905/USE/0012',372,1,8500000,3),(401,'201905/USE/0013',289,1,425000,17),(402,'201905/USE/0014',289,1,425000,17),(403,'201905/USE/0014',289,1,425000,17),(404,'201905/USE/0015',288,2,850000,17),(405,'201906/USE/0001',171,2,13000000,3),(406,'201906/USE/0002',171,1,6500000,3),(407,'201906/USE/0003',226,1,560000,3),(408,'201906/USE/0004',345,1,0,14),(409,'201906/USE/0005',156,2,0,14),(410,'201906/USE/0006',256,1,0,18),(411,'201906/USE/0007',154,2,0,14),(412,'201906/USE/0008',256,1,0,18),(413,'201907/USE/0001',314,1,0,18),(414,'201907/USE/0002',314,1,0,18),(415,'201907/USE/0003',103,1,0,6),(416,'201907/USE/0004',171,1,6500000,3),(417,'201907/USE/0005',36,1,0,4),(418,'201907/USE/0005',36,1,0,4),(419,'201907/USE/0006',1,1,1925000,30),(420,'201907/USE/0007',104,1,0,6),(421,'201907/USE/0008',256,1,0,18),(422,'201907/USE/0009',15,1,0,18),(423,'201908/USE/0001',171,1,6500000,3),(424,'201908/USE/0002',226,1,560000,3),(425,'201908/USE/0003',361,1,670000,3),(426,'201908/USE/0004',372,1,8500000,3),(427,'201908/USE/0005',141,2,0,13),(428,'201908/USE/0006',294,1,120000,13),(429,'201908/USE/0007',293,1,55000,13),(430,'201908/USE/0008',148,2,0,13),(431,'201908/USE/0010',339,1,0,13),(432,'201908/USE/0011',256,1,0,18),(433,'201908/USE/0012',256,1,0,18);

#
# Structure for table "header_transaksi"
#

DROP TABLE IF EXISTS `header_transaksi`;
CREATE TABLE `header_transaksi` (
  `no_transaksi` varchar(15) CHARACTER SET latin1 COLLATE latin1_general_ci NOT NULL,
  `status_transaksi` varchar(3) CHARACTER SET latin1 COLLATE latin1_danish_ci NOT NULL,
  `tanggal_transaksi` date NOT NULL,
  `no_po` varchar(8) CHARACTER SET latin1 COLLATE latin1_general_ci NOT NULL,
  `tanggal_estimasi` date NOT NULL,
  `status_order` varchar(5) CHARACTER SET latin1 COLLATE latin1_general_ci NOT NULL,
  `tanggal_input` date NOT NULL,
  PRIMARY KEY (`no_transaksi`)
) ENGINE=InnoDB DEFAULT CHARSET=latin1;

#
# Data for table "header_transaksi"
#

INSERT INTO `header_transaksi` VALUES ('201606/USE/0001','USE','2016-04-26','','0000-00-00','','2016-06-20'),('201606/USE/0002','USE','2016-06-17','','0000-00-00','','2016-06-20'),('201606/USE/0003','USE','2016-03-07','','0000-00-00','','2016-06-20'),('201606/USE/0004','USE','2016-03-04','','0000-00-00','','2016-06-20'),('201606/USE/0005','USE','2016-06-09','','0000-00-00','','2016-06-20'),('201606/USE/0006','USE','2016-05-24','','0000-00-00','','2016-06-20'),('201606/USE/0007','USE','2016-06-08','','0000-00-00','','2016-06-20'),('201606/USE/0008','USE','2016-05-09','','0000-00-00','','2016-06-20'),('201606/USE/0009','USE','2016-04-29','','0000-00-00','','2016-06-20'),('201606/USE/0010','USE','2016-04-25','','0000-00-00','','2016-06-20'),('201606/USE/0011','USE','2016-02-02','','0000-00-00','','2016-06-20'),('201606/USE/0012','USE','2016-06-08','','0000-00-00','','2016-06-20'),('201606/USE/0013','USE','2016-06-16','','0000-00-00','','2016-06-20'),('201606/USE/0014','USE','2016-06-01','','0000-00-00','','2016-06-20'),('201606/USE/0015','USE','2016-06-21','','0000-00-00','','2016-06-22'),('201606/USE/0016','USE','2016-06-17','','0000-00-00','','2016-06-23'),('201606/USE/0017','USE','2016-05-24','','0000-00-00','','2016-06-23'),('201606/USE/0018','USE','2016-06-08','','0000-00-00','','2016-06-23'),('201606/USE/0019','USE','2016-06-16','','0000-00-00','','2016-06-23'),('201606/USE/0020','USE','2016-06-09','','0000-00-00','','2016-06-23'),('201606/USE/0021','USE','2016-05-19','','0000-00-00','','2016-06-23'),('201606/USE/0022','USE','2016-06-27','','0000-00-00','','2016-06-28'),('201606/USE/0023','USE','2016-06-27','','0000-00-00','','2016-06-28'),('201607/USE/0001','USE','2016-06-29','','0000-00-00','','2016-07-12'),('201607/USE/0002','USE','2016-07-12','','0000-00-00','','2016-07-13'),('201607/USE/0003','USE','2016-07-13','','0000-00-00','','2016-07-13'),('201607/USE/0004','USE','2016-07-13','','0000-00-00','','2016-07-13'),('201607/USE/0005','USE','2016-07-13','','0000-00-00','','2016-07-13'),('201607/USE/0006','USE','2016-07-14','','0000-00-00','','2016-07-14'),('201607/USE/0007','USE','2016-07-15','','0000-00-00','','2016-07-15'),('201607/USE/0008','USE','2016-07-18','','0000-00-00','','2016-07-18'),('201607/USE/0009','USE','2016-07-18','','0000-00-00','','2016-07-18'),('201607/USE/0010','USE','2016-07-18','','0000-00-00','','2016-07-18'),('201607/USE/0011','USE','2016-07-19','','0000-00-00','','2016-07-19'),('201607/USE/0012','USE','2016-07-26','','0000-00-00','','2016-07-27'),('201608/BUY/0001','BUY','2016-06-25','P7116031','0000-00-00','','2016-08-23'),('201608/ORD/0001','ORD','2016-08-23','P7116031','2016-06-25','CLOSE','0000-00-00'),('201608/USE/0001','USE','2016-07-13','','0000-00-00','','2016-08-11'),('201608/USE/0002','USE','2016-08-16','','0000-00-00','','2016-08-18'),('201608/USE/0003','USE','2016-08-16','','0000-00-00','','2016-08-18'),('201608/USE/0004','USE','2016-08-16','','0000-00-00','','2016-08-18'),('201608/USE/0005','USE','2016-08-16','','0000-00-00','','2016-08-18'),('201608/USE/0006','USE','2016-08-25','','0000-00-00','','2016-08-25'),('201608/USE/0007','USE','2016-08-25','','0000-00-00','','2016-08-25'),('201608/USE/0008','USE','2016-08-25','','0000-00-00','','2016-08-25'),('201608/USE/0009','USE','2016-05-11','','0000-00-00','','2016-08-25'),('201608/USE/0010','USE','2016-05-11','','0000-00-00','','2016-08-25'),('201608/USE/0011','USE','0000-00-00','','0000-00-00','','2016-08-25'),('201608/USE/0012','USE','0000-00-00','','0000-00-00','','2016-08-25'),('201608/USE/0013','USE','2016-06-11','','0000-00-00','','2016-08-26'),('201608/USE/0014','USE','2016-06-16','','0000-00-00','','2016-08-26'),('201608/USE/0015','USE','2016-06-29','','0000-00-00','','2016-08-26'),('201608/USE/0016','USE','2016-07-19','','0000-00-00','','2016-08-26'),('201608/USE/0017','USE','2016-08-15','','0000-00-00','','2016-08-26'),('201608/USE/0018','USE','2016-08-24','','0000-00-00','','2016-08-26'),('201608/USE/0019','USE','2016-05-15','','0000-00-00','','2016-08-26'),('201608/USE/0020','USE','2016-08-13','','0000-00-00','','2016-08-26'),('201609/BUY/0001','BUY','2016-09-15','P7116041','2016-09-19','','2016-09-19'),('201609/BUY/0002','BUY','2016-07-22','P7116021','0000-00-00','','2016-09-19'),('201609/ORD/0001','ORD','2016-09-19','P7116041','2016-09-14','CLOSE','0000-00-00'),('201609/ORD/0002','ORD','2016-09-19','P7116021','2016-07-15','CLOSE','0000-00-00'),('201609/USE/0001','USE','2016-09-07','','0000-00-00','','2016-09-07'),('201609/USE/0002','USE','2016-09-07','','0000-00-00','','2016-09-07'),('201609/USE/0003','USE','2016-09-18','','0000-00-00','','2016-09-19'),('201609/USE/0004','USE','2016-09-28','','0000-00-00','','2016-09-28'),('201609/USE/0005','USE','2016-09-28','','0000-00-00','','2016-09-28'),('201609/USE/0006','USE','2016-09-21','','0000-00-00','','2016-09-30'),('201609/USE/0007','USE','2016-09-21','','0000-00-00','','2016-09-30'),('201610/BUY/0001','BUY','2016-10-27','P7116021','0000-00-00','','2016-10-28'),('201610/ORD/0001','ORD','2016-10-28','P7116021','2016-10-27','CLOSE','0000-00-00'),('201610/USE/0001','USE','2016-10-05','','0000-00-00','','2016-10-05'),('201610/USE/0002','USE','2016-10-06','','0000-00-00','','2016-10-11'),('201610/USE/0003','USE','2016-10-11','','0000-00-00','','2016-10-11'),('201610/USE/0004','USE','2016-10-28','','0000-00-00','','2016-10-28'),('201610/USE/0005','USE','2016-10-27','','0000-00-00','','2016-10-28'),('201611/BUY/0001','BUY','2016-11-04','P7116059','0000-00-00','','2016-11-07'),('201611/ORD/0001','ORD','2016-11-07','P7116059','2016-11-02','CLOSE','0000-00-00'),('201611/USE/0001','USE','2016-10-31','','0000-00-00','','2016-11-01'),('201611/USE/0002','USE','2016-11-07','','0000-00-00','','2016-11-08'),('201611/USE/0003','USE','2016-11-15','','0000-00-00','','2016-11-15'),('201611/USE/0004','USE','2016-11-16','','0000-00-00','','2016-11-17'),('201701/USE/0001','USE','2016-11-22','','0000-00-00','','2017-01-09'),('201701/USE/0002','USE','2016-12-29','','0000-00-00','','2017-01-09'),('201702/USE/0001','USE','2017-02-06','','0000-00-00','','2017-02-06'),('201709/BUY/0002','BUY','2017-09-04','P74159','0000-00-00','','2017-09-06'),('201709/ORD/0001','ORD','2017-09-06','P74158','2017-09-05','ORDER','0000-00-00'),('201709/USE/0001','USE','2017-03-15','','0000-00-00','','2017-09-09'),('201709/USE/0002','USE','2017-07-07','','0000-00-00','','2017-09-09'),('201709/USE/0003','USE','2017-07-18','','0000-00-00','','2017-09-09'),('201709/USE/0004','USE','2017-07-25','','0000-00-00','','2017-09-09'),('201709/USE/0005','USE','2017-07-27','','0000-00-00','','2017-09-09'),('201709/USE/0006','USE','2017-07-22','','0000-00-00','','2017-09-09'),('201709/USE/0007','USE','2017-05-15','','0000-00-00','','2017-09-09'),('201709/USE/0008','USE','2017-07-22','','0000-00-00','','2017-09-09'),('201709/USE/0009','USE','2017-03-20','','0000-00-00','','2017-09-09'),('201709/USE/0010','USE','2017-03-27','','0000-00-00','','2017-09-09'),('201709/USE/0011','USE','2017-04-01','','0000-00-00','','2017-09-09'),('201709/USE/0012','USE','2017-06-08','','0000-00-00','','2017-09-09'),('201709/USE/0013','USE','2017-09-07','','0000-00-00','','2017-09-09'),('201709/USE/0014','USE','2016-09-02','','0000-00-00','','2017-09-09'),('201709/USE/0015','USE','2016-07-13','','0000-00-00','','2017-09-09'),('201709/USE/0016','USE','2016-09-03','','0000-00-00','','2017-09-09'),('201709/USE/0017','USE','2017-07-13','','0000-00-00','','2017-09-09'),('201709/USE/0018','USE','2017-02-13','','0000-00-00','','2017-09-09'),('201709/USE/0019','USE','2017-03-15','','0000-00-00','','2017-09-09'),('201709/USE/0020','USE','2017-03-23','','0000-00-00','','2017-09-09'),('201709/USE/0021','USE','2017-04-28','','0000-00-00','','2017-09-09'),('201709/USE/0022','USE','2017-05-06','','0000-00-00','','2017-09-09'),('201709/USE/0023','USE','2017-05-10','','0000-00-00','','2017-09-09'),('201709/USE/0024','USE','2017-06-14','','0000-00-00','','2017-09-09'),('201709/USE/0025','USE','2017-06-20','','0000-00-00','','2017-09-09'),('201709/USE/0026','USE','2017-06-22','','0000-00-00','','2017-09-09'),('201709/USE/0027','USE','2017-07-26','','0000-00-00','','2017-09-09'),('201709/USE/0028','USE','2017-08-25','','0000-00-00','','2017-09-09'),('201709/USE/0029','USE','2017-01-19','','0000-00-00','','2017-09-09'),('201709/USE/0030','USE','2017-04-10','','0000-00-00','','2017-09-09'),('201709/USE/0031','USE','2017-04-16','','0000-00-00','','2017-09-09'),('201709/USE/0032','USE','2015-09-19','','0000-00-00','','2017-09-09'),('201709/USE/0033','USE','2015-11-30','','0000-00-00','','2017-09-09'),('201709/USE/0034','USE','2016-06-08','','0000-00-00','','2017-09-09'),('201709/USE/0035','USE','2016-04-29','','0000-00-00','','2017-09-10'),('201709/USE/0036','USE','2016-06-27','','0000-00-00','','2017-09-10'),('201709/USE/0037','USE','2016-06-28','','0000-00-00','','2017-09-10'),('201709/USE/0038','USE','2017-02-14','','0000-00-00','','2017-09-10'),('201709/USE/0039','USE','2017-02-24','','0000-00-00','','2017-09-10'),('201709/USE/0040','USE','2017-03-01','','0000-00-00','','2017-09-10'),('201709/USE/0041','USE','2017-03-02','','0000-00-00','','2017-09-10'),('201709/USE/0042','USE','2017-03-18','','0000-00-00','','2017-09-10'),('201709/USE/0043','USE','2017-07-27','','0000-00-00','','2017-09-10'),('201709/USE/0044','USE','2016-08-08','','0000-00-00','','2017-09-10'),('201709/USE/0045','USE','2016-08-16','','0000-00-00','','2017-09-10'),('201709/USE/0046','USE','2017-02-14','','0000-00-00','','2017-09-10'),('201709/USE/0047','USE','2017-05-15','','0000-00-00','','2017-09-10'),('201709/USE/0048','USE','2017-02-14','','0000-00-00','','2017-09-10'),('201709/USE/0049','USE','2017-07-19','','0000-00-00','','2017-09-10'),('201709/USE/0050','USE','2017-07-13','','0000-00-00','','2017-09-10'),('201709/USE/0051','USE','0000-00-00','','0000-00-00','','2017-09-10'),('201709/USE/0052','USE','2015-08-13','','0000-00-00','','2017-09-10'),('201709/USE/0053','USE','2016-09-27','','0000-00-00','','2017-09-10'),('201709/USE/0054','USE','2015-09-29','','0000-00-00','','2017-09-10'),('201709/USE/0055','USE','2017-08-29','','0000-00-00','','2017-09-10'),('201709/USE/0056','USE','2017-08-29','','0000-00-00','','2017-09-10'),('201709/USE/0057','USE','2017-08-29','','0000-00-00','','2017-09-10'),('201709/USE/0058','USE','2016-11-16','','0000-00-00','','2017-09-10'),('201709/USE/0059','USE','2017-01-27','','0000-00-00','','2017-09-10'),('201709/USE/0060','USE','2017-07-07','','0000-00-00','','2017-09-10'),('201709/USE/0061','USE','2017-08-29','','0000-00-00','','2017-09-10'),('201709/USE/0062','USE','2017-03-02','','0000-00-00','','2017-09-10'),('201709/USE/0063','USE','2017-01-08','','0000-00-00','','2017-09-10'),('201709/USE/0064','USE','2017-08-19','','0000-00-00','','2017-09-10'),('201709/USE/0065','USE','2017-06-20','','0000-00-00','','2017-09-11'),('201709/USE/0066','USE','2017-07-19','','0000-00-00','','2017-09-11'),('201709/USE/0067','USE','2017-08-09','','0000-00-00','','2017-09-11'),('201709/USE/0068','USE','2017-06-21','','0000-00-00','','2017-09-11'),('201709/USE/0069','USE','2016-02-17','','0000-00-00','','2017-09-11'),('201709/USE/0070','USE','2017-04-24','','0000-00-00','','2017-09-11'),('201709/USE/0071','USE','2016-01-20','','0000-00-00','','2017-09-11'),('201709/USE/0072','USE','2017-07-02','','0000-00-00','','2017-09-11'),('201709/USE/0073','USE','2017-07-02','','0000-00-00','','2017-09-11'),('201709/USE/0074','USE','2017-07-02','','0000-00-00','','2017-09-11'),('201709/USE/0075','USE','2017-07-02','','0000-00-00','','2017-09-11'),('201709/USE/0076','USE','2016-11-23','','0000-00-00','','2017-09-11'),('201709/USE/0077','USE','2017-03-21','','0000-00-00','','2017-09-11'),('201709/USE/0078','USE','2017-09-11','','0000-00-00','','2017-09-11'),('201709/USE/0079','USE','2016-06-15','','0000-00-00','','2017-09-11'),('201710/USE/0001','USE','2017-10-31','','0000-00-00','','2017-10-31'),('201710/USE/0002','USE','2017-10-31','','0000-00-00','','2017-10-31'),('201711/USE/0001','USE','2017-11-07','','0000-00-00','','2017-11-07'),('201711/USE/0002','USE','2017-11-07','','0000-00-00','','2017-11-07'),('201711/USE/0003','USE','2017-11-02','','0000-00-00','','2017-11-07'),('201711/USE/0004','USE','2017-11-02','','0000-00-00','','2017-11-07'),('201711/USE/0005','USE','2017-11-07','','0000-00-00','','2017-11-08'),('201711/USE/0006','USE','2017-11-08','','0000-00-00','','2017-11-08'),('201711/USE/0007','USE','2017-11-11','','0000-00-00','','2017-11-11'),('201711/USE/0008','USE','2017-11-13','','0000-00-00','','2017-11-13'),('201711/USE/0009','USE','2017-11-13','','0000-00-00','','2017-11-13'),('201711/USE/0010','USE','2017-11-13','','0000-00-00','','2017-11-13'),('201711/USE/0011','USE','2017-11-22','','0000-00-00','','2017-11-23'),('201711/USE/0012','USE','2017-11-27','','0000-00-00','','2017-11-27'),('201711/USE/0013','USE','2017-11-24','','0000-00-00','','2017-11-29'),('201711/USE/0014','USE','2017-11-24','','0000-00-00','','2017-11-29'),('201712/BUY/0001','BUY','2017-12-05','P17658','0000-00-00','','2017-12-06'),('201712/USE/0001','USE','2016-12-15','','0000-00-00','','2017-12-06'),('201712/USE/0002','USE','2017-12-09','','0000-00-00','','2017-12-11'),('201712/USE/0003','USE','2017-11-22','','0000-00-00','','2017-12-11'),('201712/USE/0004','USE','2017-12-09','','0000-00-00','','2017-12-11'),('201712/USE/0005','USE','2017-12-26','','0000-00-00','','2017-12-27'),('201801/BUY/0001','BUY','2018-01-01','p7119573','0000-00-00','','2018-01-25'),('201801/USE/0001','USE','2018-01-03','','0000-00-00','','2018-01-04'),('201801/USE/0002','USE','2018-01-03','','0000-00-00','','2018-01-04'),('201801/USE/0003','USE','2018-01-03','','0000-00-00','','2018-01-04'),('201801/USE/0004','USE','2018-01-03','','0000-00-00','','2018-01-04'),('201801/USE/0005','USE','2018-01-05','','0000-00-00','','2018-01-05'),('201801/USE/0006','USE','2018-01-05','','0000-00-00','','2018-01-05'),('201801/USE/0007','USE','2018-01-09','','0000-00-00','','2018-01-10'),('201801/USE/0008','USE','2018-01-10','','0000-00-00','','2018-01-10'),('201801/USE/0009','USE','2018-01-10','','0000-00-00','','2018-01-10'),('201801/USE/0010','USE','2018-01-14','','0000-00-00','','2018-01-16'),('201801/USE/0011','USE','2018-01-12','','0000-00-00','','2018-01-16'),('201801/USE/0012','USE','2018-01-16','','0000-00-00','','2018-01-17'),('201801/USE/0013','USE','2018-01-16','','0000-00-00','','2018-01-17'),('201801/USE/0014','USE','2018-01-16','','0000-00-00','','2018-01-17'),('201801/USE/0015','USE','2018-01-19','','0000-00-00','','2018-01-19'),('201801/USE/0016','USE','2018-01-19','','0000-00-00','','2018-01-19'),('201801/USE/0017','USE','2017-12-19','','0000-00-00','','2018-01-25'),('201801/USE/0018','USE','2017-12-14','','0000-00-00','','2018-01-25'),('201801/USE/0019','USE','2018-01-26','','0000-00-00','','2018-01-26'),('201801/USE/0020','USE','2018-01-31','','0000-00-00','','2018-01-31'),('201802/USE/0001','USE','2018-02-03','','0000-00-00','','2018-02-05'),('201802/USE/0002','USE','2018-02-03','','0000-00-00','','2018-02-05'),('201802/USE/0003','USE','2018-02-05','','0000-00-00','','2018-02-05'),('201802/USE/0004','USE','2018-02-05','','0000-00-00','','2018-02-05'),('201802/USE/0005','USE','2018-02-08','','0000-00-00','','2018-02-09'),('201802/USE/0006','USE','2018-02-12','','0000-00-00','','2018-02-12'),('201802/USE/0007','USE','2018-02-19','','0000-00-00','','2018-02-19'),('201802/USE/0008','USE','2018-02-19','','0000-00-00','','2018-02-19'),('201802/USE/0009','USE','2018-02-19','','0000-00-00','','2018-02-19'),('201802/USE/0010','USE','2018-02-19','','0000-00-00','','2018-02-19'),('201802/USE/0011','USE','2018-02-19','','0000-00-00','','2018-02-19'),('201802/USE/0012','USE','2018-02-19','','0000-00-00','','2018-02-20'),('201802/USE/0013','USE','2018-02-02','','0000-00-00','','2018-02-20'),('201802/USE/0014','USE','2018-01-19','','0000-00-00','','2018-02-20'),('201802/USE/0015','USE','2018-02-19','','0000-00-00','','2018-02-20'),('201802/USE/0016','USE','2018-02-20','','0000-00-00','','2018-02-20'),('201802/USE/0017','USE','2018-02-26','','0000-00-00','','2018-02-27'),('201802/USE/0018','USE','2018-02-27','','0000-00-00','','2018-02-27'),('201802/USE/0019','USE','2018-02-28','','0000-00-00','','2018-02-28'),('201802/USE/0020','USE','2018-02-28','','0000-00-00','','2018-02-28'),('201802/USE/0021','USE','2018-01-29','','0000-00-00','','2018-02-28'),('201803/USE/0001','USE','2018-03-02','','0000-00-00','','2018-03-02'),('201803/USE/0002','USE','2018-03-02','','0000-00-00','','2018-03-02'),('201803/USE/0003','USE','2018-03-11','','0000-00-00','','2018-03-12'),('201803/USE/0004','USE','2018-03-29','','0000-00-00','','2018-03-29'),('201803/USE/0005','USE','2018-03-29','','0000-00-00','','2018-03-29'),('201804/USE/0001','USE','2018-04-06','','0000-00-00','','2018-04-06'),('201804/USE/0002','USE','2018-04-16','','0000-00-00','','2018-04-16'),('201804/USE/0003','USE','2018-04-15','','0000-00-00','','2018-04-16'),('201804/USE/0004','USE','2018-04-15','','0000-00-00','','2018-04-16'),('201804/USE/0005','USE','2018-04-11','','0000-00-00','','2018-04-16'),('201804/USE/0006','USE','2018-04-19','','0000-00-00','','2018-04-19'),('201804/USE/0007','USE','2018-04-26','','0000-00-00','','2018-04-26'),('201804/USE/0008','USE','2018-04-26','','0000-00-00','','2018-04-26'),('201804/USE/0009','USE','2018-04-26','','0000-00-00','','2018-04-26'),('201804/USE/0010','USE','2018-04-26','','0000-00-00','','2018-04-26'),('201804/USE/0011','USE','2018-04-26','','0000-00-00','','2018-04-26'),('201804/USE/0012','USE','2018-04-27','','0000-00-00','','2018-04-27'),('201804/USE/0013','USE','2018-04-28','','0000-00-00','','2018-04-30'),('201804/USE/0014','USE','2018-04-28','','0000-00-00','','2018-04-30'),('201804/USE/0015','USE','2018-04-30','','0000-00-00','','2018-04-30'),('201805/BUY/0001','BUY','2018-05-17','p1111g','0000-00-00','','2018-05-24'),('201805/USE/0001','USE','2018-05-02','','0000-00-00','','2018-05-04'),('201805/USE/0002','USE','0000-00-00','','0000-00-00','','2018-05-04'),('201805/USE/0003','USE','2018-05-02','','0000-00-00','','2018-05-04'),('201805/USE/0004','USE','2018-05-17','','0000-00-00','','2018-05-17'),('201805/USE/0005','USE','2018-05-23','','0000-00-00','','2018-05-24'),('201805/USE/0006','USE','2018-05-26','','0000-00-00','','2018-05-27'),('201805/USE/0007','USE','2018-05-26','','0000-00-00','','2018-05-27'),('201805/USE/0008','USE','2018-05-26','','0000-00-00','','2018-05-27'),('201805/USE/0009','USE','2018-05-27','','0000-00-00','','2018-05-27'),('201805/USE/0010','USE','2018-05-27','','0000-00-00','','2018-05-27'),('201805/USE/0011','USE','2018-05-27','','0000-00-00','','2018-05-27'),('201806/USE/0001','USE','2018-06-07','','0000-00-00','','2018-06-08'),('201806/USE/0002','USE','2018-06-07','','0000-00-00','','2018-06-08'),('201806/USE/0003','USE','2018-06-07','','0000-00-00','','2018-06-08'),('201806/USE/0004','USE','2018-06-07','','0000-00-00','','2018-06-08'),('201806/USE/0005','USE','2018-06-08','','0000-00-00','','2018-06-08'),('201806/USE/0006','USE','2018-06-12','','0000-00-00','','2018-06-12'),('201806/USE/0007','USE','2018-06-24','','0000-00-00','','2018-06-29'),('201806/USE/0008','USE','2018-06-24','','0000-00-00','','2018-06-29'),('201806/USE/0009','USE','2018-06-28','','0000-00-00','','2018-06-29'),('201806/USE/0010','USE','2018-06-25','','0000-00-00','','2018-06-29'),('201807/BUY/0001','BUY','2018-07-09','p743565','0000-00-00','','2018-07-11'),('201807/USE/0001','USE','2018-07-03','','0000-00-00','','2018-07-04'),('201807/USE/0002','USE','2018-07-05','','0000-00-00','','2018-07-05'),('201807/USE/0003','USE','2018-07-05','','0000-00-00','','2018-07-05'),('201807/USE/0004','USE','2018-06-21','','0000-00-00','','2018-07-06'),('201807/USE/0005','USE','2018-07-24','','0000-00-00','','2018-07-25'),('201807/USE/0006','USE','2018-07-24','','0000-00-00','','2018-07-25'),('201807/USE/0007','USE','2018-07-24','','0000-00-00','','2018-07-25'),('201807/USE/0008','USE','2018-07-24','','0000-00-00','','2018-07-25'),('201807/USE/0009','USE','2018-07-24','','0000-00-00','','2018-07-25'),('201807/USE/0010','USE','0000-00-00','','0000-00-00','','2018-07-31'),('201807/USE/0011','USE','2018-07-26','','0000-00-00','','2018-07-31'),('201807/USE/0012','USE','2018-07-23','','0000-00-00','','2018-07-31'),('201808/BUY/0001','BUY','2018-08-01','P1724','0000-00-00','','2018-08-06'),('201808/USE/0001','USE','2018-08-01','','0000-00-00','','2018-08-02'),('201808/USE/0002','USE','2018-08-01','','0000-00-00','','2018-08-02'),('201808/USE/0003','USE','2017-10-02','','0000-00-00','','2018-08-02'),('201808/USE/0004','USE','2018-07-03','','0000-00-00','','2018-08-02'),('201808/USE/0005','USE','2018-03-06','','0000-00-00','','2018-08-02'),('201808/USE/0006','USE','2018-05-01','','0000-00-00','','2018-08-02'),('201808/USE/0007','USE','2018-08-03','','0000-00-00','','2018-08-07'),('201808/USE/0008','USE','2018-08-07','','0000-00-00','','2018-08-08'),('201808/USE/0009','USE','2018-08-08','','0000-00-00','','2018-08-08'),('201808/USE/0010','USE','2018-08-08','','0000-00-00','','2018-08-13'),('201808/USE/0011','USE','2018-08-10','','0000-00-00','','2018-08-15'),('201808/USE/0012','USE','2018-08-20','','0000-00-00','','2018-08-24'),('201808/USE/0013','USE','2018-08-20','','0000-00-00','','2018-08-24'),('201808/USE/0014','USE','2018-08-20','','0000-00-00','','2018-08-24'),('201808/USE/0015','USE','2018-08-23','','0000-00-00','','2018-08-24'),('201808/USE/0016','USE','2018-08-23','','0000-00-00','','2018-08-24'),('201808/USE/0017','USE','2018-08-24','','0000-00-00','','2018-08-24'),('201808/USE/0018','USE','2018-08-27','','0000-00-00','','2018-08-28'),('201809/USE/0001','USE','2018-09-03','','0000-00-00','','2018-09-03'),('201809/USE/0002','USE','2018-08-23','','0000-00-00','','2018-09-03'),('201809/USE/0003','USE','2018-09-05','','0000-00-00','','2018-09-13'),('201809/USE/0004','USE','2018-09-03','','0000-00-00','','2018-09-13'),('201810/USE/0001','USE','2018-10-01','','0000-00-00','','2018-10-08'),('201810/USE/0002','USE','2018-10-01','','0000-00-00','','2018-10-08'),('201810/USE/0003','USE','2018-08-01','','0000-00-00','','2018-10-08'),('201810/USE/0004','USE','2018-10-09','','0000-00-00','','2018-10-10'),('201810/USE/0005','USE','2018-10-09','','0000-00-00','','2018-10-10'),('201810/USE/0006','USE','2018-10-30','','0000-00-00','','2018-10-30'),('201811/BUY/0001','BUY','2018-11-16','P1','0000-00-00','','2018-11-14'),('201811/USE/0001','USE','2018-11-06','','0000-00-00','','2018-11-08'),('201811/USE/0002','USE','2018-11-12','','0000-00-00','','2018-11-15'),('201812/USE/0001','USE','2018-12-13','','0000-00-00','','2018-12-13'),('201812/USE/0002','USE','2018-12-10','','0000-00-00','','2018-12-13'),('201901/USE/0001','USE','2019-01-03','','0000-00-00','','2019-01-03'),('201901/USE/0002','USE','2019-01-03','','0000-00-00','','2019-01-03'),('201901/USE/0003','USE','2019-01-03','','0000-00-00','','2019-01-03'),('201901/USE/0004','USE','2019-01-03','','0000-00-00','','2019-01-03'),('201901/USE/0005','USE','2019-01-10','','0000-00-00','','2019-01-11'),('201901/USE/0006','USE','2019-01-11','','0000-00-00','','2019-01-11'),('201901/USE/0007','USE','2019-01-18','','0000-00-00','','2019-01-24'),('201901/USE/0008','USE','2019-01-25','','0000-00-00','','2019-01-25'),('201901/USE/0009','USE','2019-01-28','','0000-00-00','','2019-01-28'),('201902/BUY/0001','BUY','2019-02-20','p7112','0000-00-00','','2019-02-28'),('201902/USE/0001','USE','2019-01-17','','0000-00-00','','2019-02-11'),('201902/USE/0002','USE','2019-02-11','','0000-00-00','','2019-02-11'),('201902/USE/0003','USE','2019-02-11','','0000-00-00','','2019-02-11'),('201902/USE/0004','USE','2019-02-06','','0000-00-00','','2019-02-13'),('201902/USE/0005','USE','2019-01-07','','0000-00-00','','2019-02-13'),('201902/USE/0006','USE','2019-01-07','','0000-00-00','','2019-02-13'),('201902/USE/0007','USE','2019-01-07','','0000-00-00','','2019-02-13'),('201902/USE/0008','USE','2019-02-15','','0000-00-00','','2019-02-15'),('201902/USE/0009','USE','2019-02-27','','0000-00-00','','2019-02-28'),('201902/USE/0010','USE','2019-02-28','','0000-00-00','','2019-02-28'),('201902/USE/0011','USE','2019-02-28','','0000-00-00','','2019-02-28'),('201903/BUY/0001','BUY','2019-01-08','p713361','0000-00-00','','2019-03-11'),('201903/USE/0001','USE','2019-03-05','','0000-00-00','','2019-03-06'),('201903/USE/0002','USE','2019-03-08','','0000-00-00','','2019-03-08'),('201903/USE/0003','USE','2019-03-11','','0000-00-00','','2019-03-11'),('201904/USE/0001','USE','2019-04-01','','0000-00-00','','2019-04-05'),('201904/USE/0002','USE','2019-04-04','','0000-00-00','','2019-04-05'),('201904/USE/0003','USE','2019-04-04','','0000-00-00','','2019-04-05'),('201904/USE/0004','USE','2019-04-10','','0000-00-00','','2019-04-10'),('201904/USE/0005','USE','2019-04-10','','0000-00-00','','2019-04-10'),('201904/USE/0006','USE','2019-04-10','','0000-00-00','','2019-04-10'),('201904/USE/0007','USE','2019-04-11','','0000-00-00','','2019-04-12'),('201904/USE/0008','USE','2019-04-11','','0000-00-00','','2019-04-12'),('201904/USE/0009','USE','2019-04-11','','0000-00-00','','2019-04-12'),('201904/USE/0010','USE','2019-04-16','','0000-00-00','','2019-04-22'),('201904/USE/0011','USE','2019-04-25','','0000-00-00','','2019-04-25'),('201905/BUY/0001','BUY','2019-05-08','p1178532','0000-00-00','','2019-05-09'),('201905/USE/0001','USE','2019-05-07','','0000-00-00','','2019-05-08'),('201905/USE/0002','USE','2019-05-07','','0000-00-00','','2019-05-08'),('201905/USE/0003','USE','2019-05-08','','0000-00-00','','2019-05-09'),('201905/USE/0004','USE','2019-05-07','','0000-00-00','','2019-05-09'),('201905/USE/0005','USE','2017-11-01','','0000-00-00','','2019-05-10'),('201905/USE/0006','USE','2019-05-14','','0000-00-00','','2019-05-14'),('201905/USE/0007','USE','2019-05-15','','0000-00-00','','2019-05-15'),('201905/USE/0008','USE','2019-05-17','','0000-00-00','','2019-05-17'),('201905/USE/0009','USE','2019-05-23','','0000-00-00','','2019-05-23'),('201905/USE/0010','USE','2019-05-21','','0000-00-00','','2019-05-23'),('201905/USE/0011','USE','2019-03-05','','0000-00-00','','2019-05-23'),('201905/USE/0012','USE','2019-05-23','','0000-00-00','','2019-05-27'),('201905/USE/0013','USE','2019-05-27','','0000-00-00','','2019-05-29'),('201905/USE/0014','USE','2019-05-29','','0000-00-00','','2019-05-29'),('201905/USE/0015','USE','2019-05-29','','0000-00-00','','2019-05-29'),('201906/USE/0001','USE','2019-06-11','','0000-00-00','','2019-06-12'),('201906/USE/0002','USE','2019-06-18','','0000-00-00','','2019-06-19'),('201906/USE/0003','USE','2019-06-11','','0000-00-00','','2019-06-19'),('201906/USE/0004','USE','2019-06-19','','0000-00-00','','2019-06-20'),('201906/USE/0005','USE','2019-06-19','','0000-00-00','','2019-06-20'),('201906/USE/0006','USE','2019-06-20','','0000-00-00','','2019-06-20'),('201906/USE/0007','USE','2019-06-19','','0000-00-00','','2019-06-20'),('201906/USE/0008','USE','2019-06-24','','0000-00-00','','2019-06-24'),('201907/BUY/0001','BUY','2019-07-29','p7111','0000-00-00','','2019-07-29'),('201907/USE/0001','USE','2019-07-02','','0000-00-00','','2019-07-02'),('201907/USE/0002','USE','2019-07-02','','0000-00-00','','2019-07-02'),('201907/USE/0003','USE','2019-07-04','','0000-00-00','','2019-07-04'),('201907/USE/0004','USE','2019-07-10','','0000-00-00','','2019-07-10'),('201907/USE/0005','USE','2019-07-10','','0000-00-00','','2019-07-10'),('201907/USE/0006','USE','2019-07-11','','0000-00-00','','2019-07-11'),('201907/USE/0007','USE','2019-07-11','','0000-00-00','','2019-07-11'),('201907/USE/0008','USE','2019-07-15','','0000-00-00','','2019-07-16'),('201907/USE/0009','USE','2019-07-24','','0000-00-00','','2019-07-25'),('201908/USE/0001','USE','2019-08-02','','0000-00-00','','2019-08-02'),('201908/USE/0002','USE','2019-08-05','','0000-00-00','','2019-08-05'),('201908/USE/0003','USE','2019-08-05','','0000-00-00','','2019-08-05'),('201908/USE/0004','USE','2019-08-05','','0000-00-00','','2019-08-05'),('201908/USE/0005','USE','2019-08-05','','0000-00-00','','2019-08-05'),('201908/USE/0006','USE','2019-08-05','','0000-00-00','','2019-08-05'),('201908/USE/0007','USE','2019-08-05','','0000-00-00','','2019-08-05'),('201908/USE/0008','USE','2019-08-05','','0000-00-00','','2019-08-05'),('201908/USE/0009','USE','2019-08-05','','0000-00-00','','2019-08-05'),('201908/USE/0010','USE','2019-08-05','','0000-00-00','','2019-08-05'),('201908/USE/0011','USE','2019-08-02','','0000-00-00','','2019-08-06'),('201908/USE/0012','USE','2019-08-05','','0000-00-00','','2019-08-06');

#
# Structure for table "master_application"
#

DROP TABLE IF EXISTS `master_application`;
CREATE TABLE `master_application` (
  `kode_application` int(2) NOT NULL,
  `name_application` varchar(60) NOT NULL,
  PRIMARY KEY (`kode_application`)
) ENGINE=InnoDB DEFAULT CHARSET=latin1;

#
# Data for table "master_application"
#

INSERT INTO `master_application` VALUES (1,'All Mesin\r'),(2,'Bending \r'),(3,'Brazing\r'),(4,'Common\r'),(5,'Compresor Chicato\r'),(6,'Compresor High Press\r'),(7,'Compressor High (KE)\r'),(8,'Coompresor\r'),(9,'Coupler Helium PM 7\r'),(10,'Crane Washing\r'),(11,'Deburing\r'),(12,'Dies \r'),(13,'End Forming\r'),(14,'End Forming Rolling\r'),(15,'Helium Sniffing\r'),(16,'Helium PM7'),(17,'HVAC\r'),(18,'Leak Chek\r'),(19,'M.Bending\r'),(20,'M.Deburing\r'),(21,'M.Helium PM7\r'),(22,'M.Hose Cutting\r'),(23,'M.Niplle Rolling\r'),(24,'Mesin Area\r'),(25,'Monitor\r'),(26,'Niplle Rolling\r'),(27,'Niplle Rolling & Bending\r'),(28,'Oven\r'),(29,'Oven 02\r'),(30,'Pipe Cutting 01'),(31,'Piston Hydraulic\r'),(32,'PM7\r'),(33,'Pompa Air \r'),(34,'Stamping\r'),(35,'Stamping 20ton\r'),(36,'Stamping Hydraulic\r'),(37,'ULVAC 701\r'),(38,'Washing'),(39,'House Crimping');

#
# Structure for table "master_location"
#

DROP TABLE IF EXISTS `master_location`;
CREATE TABLE `master_location` (
  `kode_location` int(2) NOT NULL,
  `name_location` varchar(50) NOT NULL,
  PRIMARY KEY (`kode_location`),
  UNIQUE KEY `kode_location` (`kode_location`),
  KEY `kode_location_2` (`kode_location`)
) ENGINE=InnoDB DEFAULT CHARSET=latin1;

#
# Data for table "master_location"
#

INSERT INTO `master_location` VALUES (1,'Rack\r'),(2,'AL01/R1\r'),(3,'AL01/R2\r'),(4,'AL01/R4'),(5,'AL01/R3\r'),(6,'AL03/R3\r'),(7,'AL02/R1\r'),(8,'AL02/R2\r'),(9,'AL02/R3'),(10,'AL03/R1\r'),(11,'AL03/R2\r'),(12,'AL02/R4'),(13,'AL03/R4'),(14,'R01'),(15,'R02'),(16,'R03'),(17,'R04'),(18,'R05');

#
# Structure for table "master_supplier"
#

DROP TABLE IF EXISTS `master_supplier`;
CREATE TABLE `master_supplier` (
  `kode_supplier` int(3) NOT NULL,
  `name_supplier` varchar(40) NOT NULL,
  `telpon_supplier` varchar(15) NOT NULL,
  `alamat_supplier` text NOT NULL,
  PRIMARY KEY (`kode_supplier`)
) ENGINE=InnoDB DEFAULT CHARSET=latin1;

#
# Data for table "master_supplier"
#

INSERT INTO `master_supplier` VALUES (1,'Asen','021-88245423','JL. Hayam Wuruk'),(2,'CV Mandiri Sejahtera','021-8825454','CIKARANG'),(3,'Others Supplier','',''),(4,'ddhwj','<img src=\"http:','<script>alert(hi there...)</script>');

#
# Structure for table "masterpart"
#

DROP TABLE IF EXISTS `masterpart`;
CREATE TABLE `masterpart` (
  `kodeproduct` int(10) NOT NULL AUTO_INCREMENT,
  `part_name` varchar(70) COLLATE latin1_general_ci NOT NULL,
  `part_number` varchar(50) COLLATE latin1_general_ci NOT NULL,
  `part_price` varchar(12) COLLATE latin1_general_ci NOT NULL,
  `part_stock` int(3) NOT NULL,
  `part_limit` int(3) NOT NULL,
  `part_location` varchar(25) COLLATE latin1_general_ci NOT NULL,
  `part_supplier` varchar(70) COLLATE latin1_general_ci NOT NULL,
  `part_application` varchar(20) COLLATE latin1_general_ci NOT NULL,
  PRIMARY KEY (`kodeproduct`)
) ENGINE=MyISAM AUTO_INCREMENT=378 DEFAULT CHARSET=latin1 COLLATE=latin1_general_ci;

#
# Data for table "masterpart"
#

/*!40000 ALTER TABLE `masterpart` DISABLE KEYS */;
INSERT INTO `masterpart` VALUES (1,'Blade Cutting','455x120x3,4x25,4','1925000',0,1,'1','2','30\r'),(3,'Magnetic Contactor Shinlin','P20-MSO-P115-1PO1-1','0',4,1,'2','3','4\r'),(4,'Magnetic Contactor Shinlin','SP-16','0',1,1,'2','3','4\r'),(5,'Magnetic Contactor','P20-S-P115-1','0',2,2,'2','3','4\r'),(6,'Conttactor','S-N20','0',2,1,'2','3','4\r'),(7,'Contactor','S-N50-38','0',4,1,'2','3','4\r'),(8,'Contactor SIEMEN','3TF41-22-0X','0',1,1,'2','3','4\r'),(12,'Thermal  overload relay','TH K-60','0',1,1,'2','3','4\r'),(13,'Over Load Relay','TH-P20E','0',2,1,'2','3','19\r'),(14,'Over Load Relay SIEMEN','3VA50 40.25','0',2,1,'2','3','19\r'),(15,'Timer Autonics','AT 8 N','0',1,1,'2','3','4\r'),(16,'TemperatureControl Autonics','T2N42-14','0',1,1,'2','3','28\r'),(20,'Busser Hanyoung NUX','HY-256-24DC24 dia25','0',2,2,'2','3','4\r'),(21,'DigitalController OMRON','ESCC Rx2ASM-800','0',1,1,'2','3','4\r'),(22,'Limit Swicth OMRON','D 4MC-5040','0',1,2,'2','3','23\r'),(23,'Limit Swicth OMRON','WL LA12-2N','0',1,1,'2','3','23\r'),(24,'Limit Swicth OMRON','2C.Q2255','0',2,2,'2','3','23\r'),(26,'Limit Swicth OMRON','ZE-NA2.2','0',4,4,'2','3','4\r'),(27,'Limit Swicth OMRON','SHL-D55','0',1,2,'2','3','4\r'),(30,'Lampu Halogen 24V','','0',4,2,'2','3','4\r'),(33,'Push Bottom Hanyoung','CR-251-1','0',9,3,'3','3','4\r'),(34,'Push Bottom Fort Red','ALW 29911EP','0',3,3,'3','3','4\r'),(35,'Push Lamp FortGreen','ALW 29911EP','0',2,2,'3','3','4\r'),(36,'Push Lamp Red Hanyoung','CR-304-2','0',1,2,'3','3','4\r'),(37,'Selector switch Hanyoung','CR-253-1','0',5,3,'3','3','4\r'),(39,'Bateray PLC Mitsubishi**','AG BAT 3.6V','0',4,4,'3','3','2'),(43,'FUSE 500MA***','','0',18,10,'3','3','1'),(44,'FUSE 10Ax30mm***','','0',18,10,'3','3','1'),(45,'FUSE 5Ax30mm***','','0',14,10,'3','3','1'),(46,'Emergency P.B Hanyoung','CR-257 R-1(R)','0',10,6,'3','3',''),(47,'Relay LY2N','220/240VAC','0',10,5,'3','3','4\r'),(50,'Relay OMRON','MY2 24VDC','0',6,5,'3','3','4\r'),(52,'Relay OMRON','MY4N 220VAC','0',7,5,'3','3','4\r'),(53,'Relay IDEC','RR3P-U220VAC','0',5,4,'3','3','26\r'),(55,'Pedal switch ','FS 3','0',1,1,'3','3','27\r'),(56,'Bateray Panasonic(monitor)','CR 2032-3VOLT','0',4,2,'3','3',''),(58,'Travo KURAE ','5A','0',1,1,'3','3','18\r'),(60,'Control swicth KASUGA**','BN 30 F11','0',2,2,'3','3','1'),(61,'Control swicth KASUGA**','BN 30 P311B','0',3,2,'3','3',''),(62,'Push Bottom Yellow ford','SDL 6-22FD','0',5,5,'3','3','4\r'),(63,'Push Bottom Green Fort','SDL16-22FD','0',5,5,'3','3','4\r'),(64,'Push Bottom Red Fort','SDL16-22FD','0',5,5,'3','3','4\r'),(66,'Magnetic sensor FOTECX','PL-05 N','0',5,8,'3','3',''),(67,'Magnetic sensor FOTEC','PNP-PL-05 P','0',5,5,'3','3',''),(68,'Oil seal piston hydraulic','22.4x30x5','12000',10,8,'7','3','2'),(69,'Magnetic sensor JUFAN','JFS02-H','0',6,6,'3','3','1\r'),(70,'Magnetic sensor JUFAN ','JFS-04V','0',0,3,'3','3','13\r'),(71,'push bottom stop EWIG','D A93XB2-EA142','0',5,3,'3','3',''),(73,'Capsitor ***','250 vac 10MF','0',2,2,'5','3','1'),(75,'Inverter LS15','SVO 15 IG5A-4','0',1,1,'4','3','10\r'),(77,'Pressure swicth ','XML-BO70D2S11','0',1,1,'4','3','7\r'),(78,'Proximity sensor AUTONICS','PR08-2DP','0',1,5,'4','3','24\r'),(81,'Photo Electric Sensor','E 32-LS61','0',1,1,'4','3','17\r'),(83,'Magnetic sensor JUFAN','JFS-01 V','0',1,1,'4','3','13\r'),(85,'Wiper Seal','Dia 70','0',8,4,'7','3','31'),(87,'GUN BRAZING HARRIS','50-9','3,860,000',0,1,'12','3',''),(90,'Oil Seal ','UHS 20','18000',10,4,'7','3','1'),(92,'AIR VALVE(AIRTAC)***','4A320','0',2,2,'4','3','1'),(96,'Selenoid valve YUKEN','DSG-03-3C2-A220-50','0',2,2,'4','3','24'),(98,'Selenoid valve YUKEN','DSG-03-2B3B-A220-50','0',2,2,'6','3','24\r'),(100,'Flow Control','RE-02-KXPC','0',1,2,'8','3',''),(101,'Pressure control SAGINOMIYA','SNS-C110-1-10Kg/cm2','0',1,1,'5','3','24'),(103,'Presssure gauge ','16 bar 1/4in','0',0,1,'4','3','4'),(104,'Pressure gauge skun','1/4 PT 150 Kg','0',2,1,'12','3','18'),(106,'Pressure gauge ','350kg/PSI','495000',1,1,'4','3','1'),(107,'Flow Control*','RE-02-KXPC','0',2,2,'8','3','2'),(108,'Flow Control','KC-02','0',2,1,'4','3',''),(109,'Presssure gauge ','0-100 kg/cm2/PSI','0',1,1,'6','3','19\r'),(110,'Piston hyddraulic endforming','','0',1,1,'9','3','13'),(111,'Air regulator HPC***','AFR 2000','0',2,2,'6','3',''),(113,'Air Cylinder***','20x100(SUAM)','',4,2,'8','3','1'),(115,'Magnetic contactor/sneidjer','P20-S-P115-1/LC1D32M7','0',2,1,'2','3','29'),(117,'Timer Omron','H3Y-2','0',1,1,'2','3','4'),(119,'MCCB FUJI','EA-103.C-100A','0',1,1,'5','3','1'),(120,'Malle coupler NITTO','2P-V','0',0,4,'7','3',''),(122,'Female Coupler NITTO**','1S-A','0',5,1,'7','3',''),(125,'Magnet Coil','5V124V/50-60 HZ','0',1,1,'2','3','5'),(126,'Cuopler (biru)**','QC-HL','0',3,1,'4','3','16'),(127,'Brush deburing','50x200','0',0,1,'4','3','11'),(130,'O-Ring ','6x3','0',17,4,'7','3','9'),(131,'O-Ring ','351,12x4','0',7,3,'7','3','31'),(132,'O-Ring','P 115x3','0',4,3,'7','3','31\r'),(133,'Push Bottom start EWIG','XA2-EA131','0',2,2,'3','3','4'),(134,'O-Ring','25x3','0',20,3,'7','3','31'),(135,'O-Ring','45x3','0',20,3,'7','3','31'),(136,'Uziel ','UHS25','0',13,3,'7','3','31'),(137,'push bottom EWIG','XA2-EA131','0',5,3,'3','3',''),(138,'Seal','P115x5,5','0',2,1,'7','3','31\r'),(139,'Seal','839N-0600','0',10,3,'7','3','31\r'),(140,'Power Supply MEAN WELL','S-100-24','650.000',1,1,'2','3','1'),(141,'Oil Seal','UHS 70  ','0',10,3,'7','3','13'),(142,'Oil Seal HAILITE','60M-80x90','0',2,2,'7','3','31'),(143,'Oil Seal HAILITE','60Inx85x100','0',6,3,'7','3','31'),(144,'Oil Seal HAILITE','60In-112x125','0',9,3,'7','3','31\r'),(145,'Oil Seal','EA 50X40X7','0',5,2,'7','3','30'),(146,'OilSeal','UHS 24','0',17,4,'7','3','31'),(147,'Oil Seal','dia45 A','0',7,4,'7','3','31'),(148,'Oil Seal','25x33x5','0',13,10,'7','3','1'),(149,'Oil Seal ','X2REF30AH01','0',2,1,'7','3','31'),(151,'Tip Brazing','NO 5','560000',2,2,'12','3','3'),(152,'Oil Seal ','X 2018 DE ZH0102','0',2,1,'7','3','31'),(153,'Oil Seal HALLITE','60inx60x70','0',10,2,'7','3','31\r'),(154,'Oil Sael ','60in 35x45/UHS 35','0',7,3,'7','3','31'),(155,'Oil Seal','60in 40x50/UZIEL dia40','0',22,12,'7','3','31'),(156,'Oil Seal VALQUA','DHS35','0',4,4,'7','3','31\r'),(157,'Oil Seal ','839N-700','0',4,4,'7','3',''),(158,'Seal ','70x2,5','0',10,4,'7','3','31\r'),(159,'Seal','82x2','0',10,4,'7','3','31\r'),(160,'Seal','11x2','0',20,4,'7','3','31\r'),(161,'Seal','61x3','0',5,4,'7','3','31\r'),(162,'Seal ','68x2,5','0',20,5,'7','3','31\r'),(163,'Seal ','P34','0',4,4,'7','3','31\r'),(164,'Seal ','15x2','0',19,4,'7','3','31\r'),(165,'Seal','46x2,5','0',4,4,'7','3','31\r'),(166,'Seal ','P40x35','0',3,1,'7','3','31\r'),(167,'Seal','17x2','0',5,4,'7','3','31\r'),(168,'Seal','P75X3','0',10,4,'7','3','31\r'),(169,'Wipper seal','DHS25','0',4,4,'7','3','31'),(170,'Packing seal PSD','33X42X3mm','0',6,1,'7','3','17'),(171,'GUN BRAZING HARRIS*','50-9','6500000',3,1,'12','3','3'),(173,'Male coupler NITTO','1 S-A','0',5,1,'7','3','16'),(174,'ELOMATIC VALVE','1/2 Inch','0',0,4,'8','3',''),(175,'Oil Seal','60X80X12','68000',11,4,'7','3','31'),(176,'Pressure swicth','FF 4- 60 PAH','0',1,1,'5','3','8'),(177,'Pressure Gauge Oxigen Yamato','0-12,5kg/cm2(0-200ibs/m2)','0',4,3,'4','3','3'),(178,'Oxigen regulator Yamato','XR 70','0',2,2,'12','3','3'),(179,'Sensor SELET','B01AN15NO','0',1,1,'5','3','24'),(180,'Regulator accetyline Yamato','YR-71','0',2,2,'12','3','3'),(182,'Magnetic sensor FOTEC (Hijau)','PL O5 P (PNP)','0',4,2,'12','3','3'),(183,'HOLDER DIES HOSE CRIMPING**','CRIMPING 01','0',10,4,'12','3','39'),(184,'Magnetic sensor JUFAN','D-M9N','0',3,3,'5','3','17'),(185,'Tougest Gas Weldiing HARRIS','5090-3','0',3,3,'9','3',''),(186,'Regulator oxigen YAMATO','YR 70','0',1,1,'12','3','3'),(187,'Oil Seal','UHS 53','0',4,4,'7','3','1'),(190,'Key way ','','0',13,3,'8','3','2'),(191,'Selenoid valve (2coil)','K4V220','0',1,1,'4','3','4'),(193,'Selenoid valve (1coil)','V-3221-08','0',3,2,'4','3','4'),(198,'Clamp dies bawah**','','0',5,1,'8','3','12'),(199,'Selenoid  NACHI','SS-G01-C6-RD2-31','0',1,1,'4','3','24'),(201,'wiper seal ','22.4x30x5','0',10,5,'7','3','2'),(202,'Bearing NTN **','6910ZZ','0',2,2,'9','3','13'),(203,'Bearing NTN ***','6206 2Z','0',3,2,'9','3','2'),(205,'BEARING NTN**','HK 2020B/HK 2020C','0',10,2,'9','3','14'),(208,'Beaaring NTN','HK 2020B/HK2020C','0',10,2,'','3',''),(210,'Bearing NTN ','32009X','0',3,3,'9','3',''),(211,'Bearing NTN ***','68042Z','50000',12,6,'9','3','26'),(212,'Bearing Torinton/NTN**','HK 2020B/HK2020C','0',11,3,'10','3',''),(213,'Bearing NSK/FBJ**','51104','0',7,3,'9','3','14'),(214,'Bearing Cover**','AS 80105-HLA','0',8,3,'9','3','14'),(216,'Brush deburing','50 x 200','0',1,2,'9','3',''),(217,'Bearing NTN ','6206 2Z','0',2,2,'10','3',''),(221,'Bearing NTN **','32009 X','0',2,2,'9','3','14'),(222,'Bearing NTN **','32011 X','0',2,2,'9','3','14'),(225,'Bearing IKO TAF**','202820 CG','0',2,1,'5','3','27'),(226,'Tip Brazing','NO 3','560000',2,2,'12','3','3'),(227,'Stoper Material Niplle Rolling','dia 19','0',7,2,'8','3','26'),(228,'Wiper Seal','45X55','0',10,4,'7','3','4'),(229,'Stoper Material Niplle Rolling','dia 15','0',2,2,'8','3','26'),(231,'Pin Hole','dia 6,85x47,65','0',1,1,'8','3','34'),(232,'Pin Hole ','dia 9,4x55','0',1,1,'8','3','34'),(233,'Pin Hole','dia 7,05x49,9','0',1,1,'3','3','34'),(234,'Pin Hole','dia 4x55,93','0',1,1,'8','3',''),(235,'Pin Hole','dia 10,95x42,15','0',1,1,'8','3','34'),(236,'Pin Hole ','dia 7,08x48,4','0',1,1,'8','3','34'),(237,'Selector Swicth Hanyooung','CR 253-1','0',3,3,'3','3','4'),(239,'Pin Hole','dia 4.5x54,5','0',2,1,'7','3','34'),(240,'Pin Hole','dia 5,3 x54,65','0',1,1,'10','3','34\r'),(241,'Pin Hole ','dia 11,1 x 50,2','0',4,1,'10','3','34\r'),(242,'Pin Hole ','dia 4.,5x54,7','0',2,1,'10','3','34\r'),(243,'Pin Hole ','dia 6,3x54','0',2,1,'8','3','34'),(244,'Pin Hole','dia 11,60x45,60','0',1,1,'8','3','34'),(245,'Heater 15 kw**','','0',4,1,'12','3','38'),(246,'emergency P.B hanyoung***','CR-257R-1','0',9,6,'3','3','1'),(248,'push bottom stop  EWIG','XB2-EA142','62000',2,2,'3','3','4'),(249,'Relay OMRON','MY 2 N 220 VAC','0',12,3,'3','3','4'),(250,'Punch Holder','','0',1,1,'5','3','13\r'),(253,'Kabel Heater','satuan meter','0',10,4,'5','3','28'),(255,'Hose hydraulic***','1/2in x 295cm x160bar (L&B)','0',2,2,'18','3','13'),(256,'Hose hydraulic***leak chek','1/4 x25x225 (L&L)','0',3,3,'15','3','18'),(257,'Hose hydraulic***','1/4x125x225(L&L)','0',3,3,'16','3','18'),(258,'Wiper Seal','Dia 60','0',10,4,'7','3','31'),(259,'Power Supply MEAN WELL','NES-100-12V','0',1,1,'2','3','13'),(260,'Hose hydraulic***','3/8x45x180bar (L&L)','0',1,1,'17','3','13'),(261,'Hose hydraulic***','1/4x60x225 (L&L)','0',2,2,'16','3','1'),(262,'Hose hydraulic','3/8x75x18bar (L&B)','0',1,2,'17','3',''),(263,'Hose hydraulic***','3/4x110x215bar (L&B)','0',2,1,'18','3','14'),(264,'Hose hydraulic***','1/2x85x275 Mpa (B&B)','0',1,1,'17','3','1'),(265,'Hose hydraulic***','3/8x96x180 bar (L&B)','0',5,2,'17','3','14'),(266,'Magnetic sensor FOTEC (MERAH)','PL-05N NPN','0',2,2,'5','3','1'),(268,'Magnetic sensor FOTEC','FC 20 R','0',7,6,'5','3','2'),(269,'Hose hydraulic***','3/8x230x330bar','0',2,2,'18','3','13'),(270,'Hose hydraulic***','3/8x175x330bar(L&L)','0',2,2,'18','3','13'),(271,'Magnetic sensor SNS','D A93','0',4,2,'5','3','14'),(272,'Hose hydraulic***','3/8x50x330(L&L)','0',1,1,'16','3','18'),(273,'Hose hydraulic***','1/4x60x225 (L&L)','0',0,1,'16','3','18'),(274,'Hose hydraulic***','1/4x67x225(L&B)','0',1,1,'16','3','18'),(275,'Hose hydraulic***','1/4x65x400(L&L)','0',1,1,'16','3','18'),(279,'V-Belt ','A118','0',4,2,'15','3','34'),(280,'V-Belt ','3L 370/M370','0',4,2,'13','3','35\r'),(282,'Timming belt','HTD 375 -5','0',4,2,'14','3','2'),(283,'Timming belt','HTD 720-8M','0',3,2,'14','3','14'),(284,'V-Belt ','B-86','0',4,2,'13','3','11\r'),(285,'V-Belt ','MF 1310 9,5X785 LA','20615',4,2,'15','3','4'),(288,'Battery Mitsubishi**','MR J3 BAT','425000',6,5,'3','3','17'),(289,'Battery Mitsubishi**','Q6BAT','425000',5,4,'3','3','17'),(290,'','','',0,0,'','',''),(291,'Selenoid Valve Checato','4628 X QOV2','2300000',1,1,'7','3','5'),(293,'Wiper Seal','DHS 40','55000',7,5,'8','3','13'),(294,'Oil Seal','UHS 40','120000',7,8,'8','3','13'),(295,'Pressure swicth jaguar','JCS-02 NLL','',1,1,'4','3','24'),(297,'Selenoid valve YUKEN','DSG-01-3CA-A220-50-50HZ','',1,1,'4','3','24'),(298,'Bearing IKO**','4903','195000',10,4,'9','3','26'),(300,'Monitor display End Forming','','3200000',1,1,'3','3','13'),(301,'Filament Analyzeer Cell*','PN053146','8400000',2,1,'2','3','32'),(302,'Fuse ','1Ampere ','17000',2,2,'3','','5'),(303,'blade','','',0,0,'','',''),(304,'Thermo sensor ','dia m 8','150000',2,1,'12','1','38'),(305,'','','',0,0,'8','',''),(309,'AIR REGULATOR MIDMAN***','MACP 300','',1,1,'7','3','1'),(314,'ELOMATIC VALVE***','1/2IN','RP 425.000',6,4,'8','3','18'),(315,'FLOW CONTROL*','KC02','',2,1,'4','3','2'),(316,'','','',0,0,'','',''),(317,'','','',0,0,'','',''),(318,'','','',0,0,'','',''),(319,'','','',0,0,'','','34'),(320,'V-Belt','A42','',2,2,'14','3','4'),(321,'V-Belt','M37','',4,2,'14','3','4'),(322,'Oil Seal ','16x24x5','',19,8,'7','3','13'),(323,'Wiper seal ','Dia 16','',16,8,'7','3','13'),(324,'Wiper seal ','Dia 35','',8,4,'7','3','4'),(325,'Wiper seal ','Dia 60','',0,4,'7','','4'),(326,'Wiper seal ','Dia 70','',0,4,'7','','4'),(327,'Punch','95731','',2,1,'9','3','34'),(328,'Punch','92450 no3','',1,1,'9','3','34'),(329,'Holder Punch**','92450','',2,1,'9','3','13'),(330,'Punch ','92450no 01','',2,1,'9','3','13'),(331,'Punch','80320 no 01','',1,1,'9','3','13'),(332,'Punch','92480 no03','',1,1,'9','3','14'),(333,'Punch','92480 no04','',1,1,'9','3','13'),(334,'Punch','95711no 02','',3,1,'9','3','13'),(335,'Punch','95744no03','',3,1,'9','3','13'),(336,'Punch','92471no01','',4,1,'9','3','13'),(337,'Punch','95731no02','',0,1,'9','','13'),(338,'Air Cylinder KAIYUAN**','MA-CA 40x50S-LB','',1,1,'8','3','2'),(339,'piston&cylinder set endforming 04','80x40ST','',0,1,'9','3','1'),(341,'Contactor  scheidjer **','LC1D09M7','',2,1,'2','3','1'),(342,'Oveer load relay schneider','LRD07','',0,0,'','',''),(343,'Oveer load relay schneider','LRD07','',0,0,'','',''),(344,'Oveer load relay schneider','LRD 07','',1,1,'2','3','1'),(345,'Oil Seal','UHS 20','Rp,22,000',19,8,'7','3','2'),(346,'Oil Seal ','18x26x5','',9,5,'7','3','2'),(347,'shaft hose crimping 01','shaft','2.850.000',1,1,'12','3','39'),(348,'Wiper seal ','18x26x5','',15,5,'7','3','2'),(349,'','','',0,0,'','',''),(350,'','','',0,0,'','',''),(351,'','','',0,0,'','',''),(352,'','','',0,0,'','',''),(353,'Hydraulic Pump(INV)','VD1-30FA3','2800000',1,1,'1','3','1'),(354,'Hydraulic Pump(INV)','VE-40FA3','670000',2,1,'1','3','2'),(355,'Hydraulic Pump(INV)','HVP-VBIK-F20A3','670000',1,1,'1','3','1'),(356,'Pneumatic Hydraulic(INV)','HL050X250ST','560000',1,1,'1','3','30'),(357,'Electro Motor(INV)**','AEEFLO100L4','570000',1,1,'1','3','30'),(358,'Electro Motor(INV)**','AEEF','580000',1,1,'1','3','14'),(359,'Electro Motor(INV)**','00543(5HP3,7KW)','',3,1,'1','3','1'),(360,'Electro Motor(INV)**','3HP2,2KW','580000',1,1,'1','3','2'),(361,'Tougest Gas Weldiing HARRIS','H-19-2E','670000',1,2,'12','3','3'),(362,'Timer Omron','H3Y-4','390000',1,1,'2','3','18'),(363,'Magnetic sensor FOTEC','PM12-04PNP NO','',2,1,'5','3','15'),(364,'Metal Element','EBD 3-5-100','48000',8,2,'3','3','15'),(365,'electron collector double','101127','750.000',0,1,'','',''),(366,'electron collector double','101127','750.000',1,1,'2','3','15'),(367,'Clamp Sheet (inserting o-ring)','Dia 1/2 in','',4,2,'3','3','18'),(368,'Clamp Sheet (inserting o-ring)','O-ring D5/8','',4,2,'3','3','18'),(369,'Clamp Sheet (inserting o-ring)','O-ring Dia 8','',4,2,'3','3','18'),(370,'Filter Snifing Helium ','EBD-3-5-100','45000',20,3,'7','3','21'),(371,'Mikro limit swicth','CS10 NO 11C2','10000',4,2,'3','3','1'),(372,'GAS SAVER','','8500000',1,1,'12','3','3'),(373,'SELENOID VALVE FESTO','MFH-5/3G-1/8B','4500000',1,1,'4','3','18'),(374,'Bateray Panasonic(monitor)','CR 2032/3volt','15000',10,4,'3','3','1'),(375,'Selenoid valve SMC','VFR2300-1FZ','',2,1,'4','3','18'),(376,'Selenoid valve TPC','DS5320','',1,1,'4','3','18'),(377,'Selenoid valve SMC','VQ7-6-FHG-D-3N','',1,1,'4','3','18');
/*!40000 ALTER TABLE `masterpart` ENABLE KEYS */;

#
# Structure for table "user"
#

DROP TABLE IF EXISTS `user`;
CREATE TABLE `user` (
  `username` varchar(20) COLLATE latin1_general_ci NOT NULL,
  `password` varchar(50) COLLATE latin1_general_ci NOT NULL,
  `namalengkapuser` varchar(30) COLLATE latin1_general_ci NOT NULL,
  PRIMARY KEY (`username`)
) ENGINE=MyISAM DEFAULT CHARSET=latin1 COLLATE=latin1_general_ci;

#
# Data for table "user"
#

/*!40000 ALTER TABLE `user` DISABLE KEYS */;
INSERT INTO `user` VALUES ('1804-693','dbfbb0976d43bdda95903e5595fb6d81','Rudy'),('adi','c46335eb267e2e1cde5b017acb4cd799','Adi Susanto'),('ddhwj','4bdf579dd68ebd0964b07b04a0b44fcf','ddhwj JKTMX'),('deni','620f55fc2ad254e93c233d2ada925b54','Deni Kurniawan'),('hariyanto','3ab195be3472efcf37b55eeaa6fda16b','HARIYANTO'),('tommy','65f185ec6bd47af8f082f8196d0b4d24','Tommy Hermawanto'),('wawan','0a000f688d85de79e3761dec6816b2a5','Wawan Moerdiono'),('zaini','ec9fdb689330f97c47d2eea5939e387b','ZAINI FIKRI');
/*!40000 ALTER TABLE `user` ENABLE KEYS */;
